Type,Name,Request Count,Failure Count,Median Response Time,Average Response Time,Min Response Time,Max Response Time,Average Content Size,Requests/s,Failures/s,50%,66%,75%,80%,90%,95%,98%,99%,99.9%,99.99%,100%
Mongo Insert,Mongo Insert Data,2852,0,1,1.169202454795677,0.39076805114746094,35.791873931884766,0.0,21.807177701792362,0.0,1,1,1,1,1,2,3,6,33,36,36
Mongo Select,Mongo Select Data,2817,0,0.003814697265625,0.021051421079137964,0.003814697265625,0.19788742065429688,0.0,21.53955805958944,0.0,0,0,0,0,0,0,0,0,0,0,0
Mongo Aggregate,Mongo aggregate data,2777,0,4,3.71283955998158,2.173900604248047,18.975257873535156,0.0,21.23370703992896,0.0,4,4,4,4,4,4,5,5,6,19,19
,Aggregated,8446,0,1,1.6225932645425112,0.003814697265625,35.791873931884766,0.0,64.58044280131075,0.0,1,2,3,4,4,4,4,5,19,36,36
