Type,Name,Request Count,Failure Count,Median Response Time,Average Response Time,Min Response Time,Max Response Time,Average Content Size,Requests/s,Failures/s,50%,66%,75%,80%,90%,95%,98%,99%,99.9%,99.99%,100%
Postgres Aggregate,Postgres Agg Data,2936,0,1,1.1811958021948707,0.5908012390136719,13.992547988891602,0.0,21.331531848879578,0.0,1,1,1,1,1,2,2,2,3,14,14
Postgres Insert,Postgres Insert Data,3008,0,1,1.482892226665578,0.6937980651855469,26.97300910949707,0.0,21.854648433729487,0.0,1,2,2,2,2,2,3,6,10,27,27
Postgres Select,Postgres Select Data,2969,0,2,1.7458754944536332,1.0499954223632812,20.027875900268555,0.0,21.571293616935787,0.0,2,2,2,2,2,2,2,3,3,20,20
,Aggregated,8913,0,1,1.4711135460660874,0.5908012390136719,26.97300910949707,0.0,64.75747389954485,0.0,1,2,2,2,2,2,2,3,7,27,27
