Type,Name,Request Count,Failure Count,Median Response Time,Average Response Time,Min Response Time,Max Response Time,Average Content Size,Requests/s,Failures/s,50%,66%,75%,80%,90%,95%,98%,99%,99.9%,99.99%,100%
DB Aggregate,AGGREGATE FEW DATA,18,0,13,13.18575276268853,7.592916488647461,21.5761661529541,0.0,0.22701286114520428,0.0,13,15,17,18,21,22,22,22,22,22,22
DB Insert,INSERT FEW DATA,18,0,15,22.24845356411404,7.0705413818359375,158.17523002624512,0.0,0.22701286114520428,0.0,15,16,16,20,22,160,160,160,160,160,160
DB Select,SELECT FEW DATA,18,0,13,15.345957544114855,5.14531135559082,44.18516159057617,0.0,0.22701286114520428,0.0,15,17,19,20,31,44,44,44,44,44,44
,Aggregated,54,0,14,16.92672129030581,5.14531135559082,158.17523002624512,0.0,0.6810385834356129,0.0,14,16,18,19,22,31,44,160,160,160,160
