Type,Name,Request Count,Failure Count,Median Response Time,Average Response Time,Min Response Time,Max Response Time,Average Content Size,Requests/s,Failures/s,50%,66%,75%,80%,90%,95%,98%,99%,99.9%,99.99%,100%
DB Big Aggregate,AGGREGATE BIG DATA,16,0,17,16.3399875164032,7.161140441894531,22.99356460571289,0.0,0.2076384392627018,0.0,17,19,20,20,22,23,23,23,23,23,23
DB Big Insert,INSERT BIG DATA,16,0,67,81.26184344291687,48.547983169555664,116.455078125,0.0,0.2076384392627018,0.0,92,100,110,110,110,120,120,120,120,120,120
DB Big Select,SELECT BIG DATA,17,0,12,12.955721686868106,6.435632705688477,23.693084716796875,0.0,0.2206158417166207,0.0,12,15,16,17,20,24,24,24,24,24,24
,Aggregated,49,0,18,36.36482783726284,6.435632705688477,116.455078125,0.0,0.6358927202420244,0.0,18,24,56,63,110,110,120,120,120,120,120
