Type,Name,Request Count,Failure Count,Median Response Time,Average Response Time,Min Response Time,Max Response Time,Average Content Size,Requests/s,Failures/s,50%,66%,75%,80%,90%,95%,98%,99%,99.9%,99.99%,100%
DB Big Aggregate,AGGREGATE BIG DATA,185,94,0,1027.096430031029,0,6049.617290496826,0.0,5.025890342618279,2.5536956335465852,0,520,1300,2200,4400,4600,5500,6000,6000,6000,6000
DB Big Insert,INSERT BIG DATA,311,92,710.0,1673.895176583931,0,8562.445163726807,0.0,8.448929170563702,2.499361683896658,710,1800,2500,3300,5100,5900,7000,7200,8600,8600,8600
DB Big Select,SELECT BIG DATA,295,151,0,980.1249568745242,0,6048.595428466797,0.0,8.014257573364283,4.1022131985695145,0,480,1900,2100,4300,4500,5200,5300,6000,6000,6000
,Aggregated,791,337,340.0,1263.882555943524,0,8562.445163726807,0.0,21.489077086546263,9.155270516012758,340,1000,2000,2500,4500,5300,5900,6800,8600,8600,8600
