Type,Name,Request Count,Failure Count,Median Response Time,Average Response Time,Min Response Time,Max Response Time,Average Content Size,Requests/s,Failures/s,50%,66%,75%,80%,90%,95%,98%,99%,99.9%,99.99%,100%
GET,AGGREGATE BIG DATA,807,68,640.0,2310.7360937583408,6.4793460005603265,16108.766719000414,16.97521685254027,12.625674455346367,1.0638734361382316,640,980,2000,4600,8800,11000,12000,13000,16000,16000,16000
POST,CREATE TABLE,350,1,310.0,1692.0694524828334,19.457393998891348,13164.799747999496,0.40285714285714286,5.47581915659384,0.015645197590268112,320,710,1100,1900,7300,9300,13000,13000,13000,13000,13000
POST,INSERT BIG DATA,1008,69,480.0,1810.9089218650834,8.943356000600033,16519.76744300009,0.5595238095238095,15.770359170990258,1.0795186337284997,490,880,1400,2400,6600,9100,11000,12000,16000,17000,17000
GET,SELECT BIG DATA,918,66,480.0,1975.0179489684438,3.847429999950691,15107.522442998743,43.95969498910675,14.362291387866128,1.0325830409576955,480,790,1100,2800,8000,11000,13000,13000,15000,15000,15000
,Aggregated,3083,204,490.0,1977.1167714644832,3.847429999950691,16519.76744300009,17.761595848199807,48.23414417079659,3.191620308414695,490,860,1400,2800,7400,11000,12000,13000,16000,17000,17000
