Type,Name,Request Count,Failure Count,Median Response Time,Average Response Time,Min Response Time,Max Response Time,Average Content Size,Requests/s,Failures/s,50%,66%,75%,80%,90%,95%,98%,99%,99.9%,99.99%,100%
GET,AGGREGATE FEW,2789,528,560.0,888.9055383280776,2.7238359998591477,5219.63107800002,41.073503047687346,44.19203342631749,8.366222176083053,560,1000,1400,1700,2400,3000,3500,3800,5000,5200,5200
POST,CREATE TABLE,622,43,260.0,788.5302682122563,9.856353999566636,6724.6561470001325,9.7475884244373,9.855663245309959,0.6813400635825213,260,700,980,1200,2000,3500,5600,6300,6700,6700,6700
POST,INSERT FEW,3231,509,140.0,402.10071715535815,2.938212001026841,3371.2169800000993,22.212627669452182,51.19557547523549,8.065164938686124,140,400,640,780,1200,1500,1900,2300,3200,3400,3400
GET,SELECT FEW,3016,530,410.0,683.0334698776755,2.34122700021544,4416.147088999423,61.34582228116711,47.78887515732289,8.397912411598519,410,820,1100,1300,1800,2300,2600,3100,3900,4400,4400
,Aggregated,9658,1610,310.0,655.2950647654858,2.34122700021544,6724.6561470001325,39.076931041623524,153.03214730418583,25.510639589950216,310,720,1000,1200,1800,2400,3100,3500,5700,6700,6700
