Type,Name,Request Count,Failure Count,Median Response Time,Average Response Time,Min Response Time,Max Response Time,Average Content Size,Requests/s,Failures/s,50%,66%,75%,80%,90%,95%,98%,99%,99.9%,99.99%,100%
DB Aggregate,AGGREGATE FEW DATA,566,4,1200.0,1457.2074960904072,0,4861.395835876465,0.0,12.097158405402133,0.08549228555054511,1200,2100,2500,2700,3200,3600,4100,4500,4900,4900,4900
DB Insert,INSERT FEW DATA,785,169,320.0,1006.8256411582801,0,4988.07168006897,0.0,16.77786103929448,3.612049064510531,320,1100,1800,2200,3100,4000,4400,4800,5000,5000,5000
DB Select,SELECT FEW DATA,903,290,280.0,853.2394568125407,0,4873.857259750366,0.0,19.29988346303556,6.198190702414521,280,1000,1500,2000,2700,3000,3500,3800,4900,4900,4900
,Aggregated,2254,463,490.0,1058.3907722263286,0,4988.07168006897,0.0,48.174902907732175,9.895732052475598,490,1400,2000,2300,3000,3500,4100,4400,4900,5000,5000
