Type,Name,Request Count,Failure Count,Median Response Time,Average Response Time,Min Response Time,Max Response Time,Average Content Size,Requests/s,Failures/s,50%,66%,75%,80%,90%,95%,98%,99%,99.9%,99.99%,100%
GET,AGGREGATE BIG DATA,18,0,16,31.995707666586288,9.968079000827856,273.63960500042595,18.444444444444443,0.21119274255896547,0.0,16,17,23,25,39,270,270,270,270,270,270
POST,CREATE TABLE,1,0,104.34178599825827,104.34178599825827,104.34178599825827,104.34178599825827,0.0,0.01173293014216475,0.0,100,100,100,100,100,100,100,100,100,100,100
POST,INSERT BIG DATA,18,0,13,16.29832266684793,9.732758000609465,48.81594899961783,0.0,0.21119274255896547,0.0,14,16,18,19,24,49,49,49,49,49,49
GET,SELECT BIG DATA,18,0,12,14.966625888822213,4.324941999584553,66.9161259993416,47.0,0.21119274255896547,0.0,13,13,15,17,24,67,67,67,67,67,67
,Aggregated,55,0,14,22.6006108727068,4.324941999584553,273.63960500042595,21.418181818181818,0.6453111578190612,0.0,14,17,18,22,29,67,100,270,270,270,270
